"Adresse","Occurrences","Title 1","Longueur du Title 1","Largeur en pixels du Title 1","Indexabilité","Statut d'indexabilité"
"https://anihome.fr/","1","Anihome Petsitter à Courthézon – Garde d'animaux de compagnie dans le Vaucluse","78","747","Indexable",""
"https://anihome.fr/politique-de-confidentialite/","1","Politique de confidentialité – Anihome Petsitter à Courthézon","61","549","Indexable",""
"https://anihome.fr/album/","1","Album – Anihome Petsitter à Courthézon","38","368","Indexable",""
"https://anihome.fr/portfolio-items/rongeurs-et-nac/","1","Rongeurs et nac – Anihome Petsitter à Courthézon","48","454","Indexable",""
"https://anihome.fr/tarifs/","1","Tarifs – Anihome Petsitter à Courthézon","39","362","Indexable",""
"https://anihome.fr/mentions-legales/","1","Mentions légales – Anihome Petsitter à Courthézon","49","462","Indexable",""
"https://anihome.fr/portfolio-items/service-durgences/","1","Service d’urgences – Anihome Petsitter à Courthézon","51","478","Indexable",""
"https://anihome.fr/author/mowgli/","1","Mowgli – Anihome Petsitter à Courthézon","39","374","Indexable",""
"https://anihome.fr/qui-sommes-nous/","1","Qui sommes nous ? – Anihome Petsitter à Courthézon","50","485","Indexable",""
"https://anihome.fr/contact/","1","Contactez-nous – Anihome Petsitter à Courthézon","47","450","Indexable",""
"https://anihome.fr/nos-services/","1","Nos services – Anihome Petsitter à Courthézon","45","424","Indexable",""
"https://anihome.fr/actualite/","1","Actualité – Anihome Petsitter à Courthézon","42","390","Indexable",""
"https://anihome.fr/portfolio-items/reptiles/","1","Reptiles – Anihome Petsitter à Courthézon","41","382","Indexable",""
"https://anihome.fr/portfolio-items/promenades/","1","Promenades – Anihome Petsitter à Courthézon","43","424","Indexable",""
"https://anihome.fr/actualite/page/2/","1","Actualité – Page 2 – Anihome Petsitter à Courthézon","51","475","Non indexable","Canonisé"
"https://anihome.fr/portfolio-items/gardiennage/","1","Gardiennage – Anihome Petsitter à Courthézon","44","424","Indexable",""
"https://anihome.fr/portfolio-items/gardes-a-domicile/","1","Gardes à domicile – Anihome Petsitter à Courthézon","50","471","Indexable",""
"https://anihome.fr/les-meilleurs-endroits-pour-partir-en-vacances-avec-son-animal-de-compagnie/","1","Les meilleurs endroits pour partir en vacances avec son animal de compagnie – Anihome Petsitter à Courthézon","108","1003","Indexable",""
"https://anihome.fr/comment-choisir-le-meilleur-aliment-pour-son-animal-de-compagnie/","1","Comment choisir le meilleur aliment pour son animal de compagnie ? – Anihome Petsitter à Courthézon","99","928","Indexable",""
"https://anihome.fr/les-bienfaits-de-la-zootherapie-comment-les-animaux-peuvent-nous-aider-a-aller-mieux/","1","Les bienfaits de la zoothérapie : comment les animaux peuvent nous aider à aller mieux ? – Anihome Petsitter à Courthézon","121","1107","Indexable",""
"https://anihome.fr/les-conseils-pour-adopter-un-animal-de-compagnie-dans-un-refuge-comment-bien-le-choisir-et-laccueillir/","1","Les conseils pour adopter un animal de compagnie dans un refuge : comment bien le choisir et l’accueillir ? – Anihome Petsitter à Courthézon","140","1261","Indexable",""
"https://anihome.fr/les-astuces-pour-eduquer-son-animal-de-compagnie-comment-lui-apprendre-les-bonnes-manieres/","1","Les astuces pour éduquer son animal de compagnie : comment lui apprendre les bonnes manières ? – Anihome Petsitter à Courthézon","127","1201","Indexable",""
"https://anihome.fr/comment-bien-choisir-son-petsitter-quelles-sont-les-reglementations-en-france/","1","Comment bien choisir son petsitter ? Quelles sont les réglementations en France ? – Anihome Petsitter à Courthézon","114","1044","Indexable",""
"https://anihome.fr/les-idees-de-jeux-et-dactivites-pour-stimuler-son-animal-de-compagnie-comment-le-rendre-heureux-et-en-bonne-sante/","1","Les idées de jeux et d’activités pour stimuler son animal de compagnie : comment le rendre heureux et en bonne santé ? – Anihome Petsitter à Courthézon","151","1382","Indexable",""
"https://anihome.fr/les-nouvelles-lois-pour-lutter-contre-la-maltraitance-et-labandon-des-animaux-de-compagnie/","1","Les nouvelles lois pour lutter contre la maltraitance et l’abandon des animaux de compagnie – Anihome Petsitter à Courthézon","124","1132","Indexable",""
"https://anihome.fr/les-tendances-mode-pour-les-animaux-de-compagnie-comment-les-habiller-avec-style/","1","Les tendances mode pour les animaux de compagnie : comment les habiller avec style ? – Anihome Petsitter à Courthézon","117","1096","Indexable",""
"https://anihome.fr/les-dangers-de-lautomedication-chez-les-animaux-de-compagnie-pourquoi-consulter-un-veterinaire/","1","Les dangers de l’automédication chez les animaux de compagnie : pourquoi consulter un vétérinaire ? – Anihome Petsitter à Courthézon","132","1214","Indexable",""
